Date,Open,Adj Close,Volume
2020-09-01,217.00999450683594,199.85157775878906,184500
2020-09-02,216.35000610351562,199.88833618164062,294900
2020-09-03,219.99000549316406,198.13626098632812,198800
2020-09-04,219.60000610351562,197.7235107421875,202400
2020-09-08,214.8800048828125,194.05430603027344,268200
2020-09-09,213.4600067138672,195.9255828857422,265200
2020-09-10,214.69000244140625,190.42178344726562,205800
2020-09-11,207.82000732421875,189.27517700195312,241000
2020-09-14,207.58999633789062,192.3572998046875,238900
2020-09-15,210.11000061035156,189.07334899902344,172500
2020-09-16,206.88999938964844,189.22012329101562,232200
2020-09-17,204.39999389648438,188.0093231201172,245500
2020-09-18,204.25,184.6978759765625,366700
2020-09-21,196.72000122070312,185.5784912109375,516100
2020-09-22,201.9499969482422,183.5604248046875,272300
2020-09-23,200.1999969482422,180.79937744140625,240400
2020-09-24,196.6999969482422,183.1567840576172,285400
2020-09-25,197.07000732421875,182.21200561523438,196400
2020-09-28,201.75999450683594,184.9272003173828,149100
2020-09-29,200.3300018310547,183.2576904296875,185600
2020-09-30,201.00999450683594,181.20298767089844,473700
2020-10-01,197.58999633789062,180.6434326171875,346700
2020-10-02,195.3000030517578,182.2303466796875,217500
2020-10-05,200.67999267578125,187.11033630371094,262200
2020-10-06,206.42999267578125,183.29440307617188,184400
2020-10-07,200.4499969482422,181.92762756347656,290000
2020-10-08,198.9600067138672,187.21124267578125,222100
2020-10-09,206.22000122070312,187.990966796875,190500
2020-10-12,205.17999267578125,188.6881103515625,157300
2020-10-13,203.91000366210938,185.761962890625,290600
2020-10-14,200.4600067138672,185.6243896484375,405100
2020-10-15,199.67999267578125,185.1106414794922,150700
2020-10-16,201.5500030517578,184.19334411621094,109700
2020-10-19,200.6999969482422,180.97364807128906,133300
2020-10-20,199.69000244140625,183.312744140625,212900
2020-10-21,200.9600067138672,188.47715759277344,298100
2020-10-22,205.75999450683594,189.91726684570312,263200
2020-10-23,209.5,196.32003784179688,313700
2020-10-26,212.1699981689453,191.8161163330078,328200
2020-10-27,208.85000610351562,185.38584899902344,294000
2020-10-28,199.27000427246094,179.9738006591797,293700
2020-10-29,195.42999267578125,185.39500427246094,351000
2020-10-30,204.50999450683594,180.781005859375,675900
2020-11-02,199.19000244140625,189.88059997558594,365400
2020-11-03,210.8300018310547,197.80604553222656,472400
2020-11-04,210.3699951171875,194.13687133789062,357200
2020-11-05,213.36000061035156,194.3111572265625,251800
2020-11-06,212.86000061035156,193.25625610351562,271300
2020-11-09,227.47999572753906,212.52867126464844,621000
2020-11-10,232.69000244140625,220.3348846435547,398100
2020-11-11,240.3000030517578,215.5924530029297,236200
2020-11-12,232.8699951171875,211.253662109375,280600
2020-11-13,232.25999450683594,213.09739685058594,241600
2020-11-16,238.22999572753906,219.0506591796875,284100
2020-11-17,235.36000061035156,218.674560546875,181700
2020-11-18,239.44000244140625,215.68418884277344,205700
2020-11-19,233.2100067138672,214.49171447753906,268600
2020-11-20,234.02000427246094,211.9874725341797,218400
2020-11-23,233.1999969482422,214.39996337890625,188900
2020-11-24,237.9600067138672,221.56402587890625,334400
2020-11-25,240.4199981689453,217.84898376464844,236200
2020-11-27,236.55999755859375,214.1431427001953,138500
2020-11-30,231.19000244140625,208.5292510986328,1072000
2020-12-01,231.08999633789062,213.0825958251953,271300
2020-12-02,229.69000244140625,214.63421630859375,210600
2020-12-03,231.8800048828125,214.80047607421875,202400
2020-12-04,233.13999938964844,216.7123260498047,263500
2020-12-07,232.42999267578125,212.722412109375,230400
2020-12-08,232.8800048828125,216.8046875,293500
2020-12-09,235.5399932861328,217.9683837890625,251300
2020-12-10,234.13999938964844,217.80213928222656,229500
2020-12-11,233.5500030517578,213.92303466796875,196300
2020-12-14,234.0800018310547,212.14974975585938,247200
2020-12-15,230.72000122070312,215.44699096679688,201600
2020-12-16,233.72999572753906,215.53933715820312,242700
2020-12-17,233.52000427246094,217.19261169433594,291100
2020-12-18,235.16000366210938,214.76353454589844,466000
2020-12-21,232.0,211.63255310058594,220300
2020-12-22,228.44000244140625,210.70895385742188,173800
2020-12-23,229.6699981689453,212.01121520996094,133100
2020-12-24,229.52999877929688,211.66946411132812,77800
2020-12-28,230.72000122070312,213.14724731445312,172100
2020-12-29,232.0399932861328,211.8080596923828,127600
2020-12-30,229.85000610351562,212.75933837890625,128600
2020-12-31,230.72000122070312,216.20436096191406,118600
2021-01-04,235.0,210.68124389648438,165100
2021-01-05,228.0800018310547,208.9448699951172,158600
2021-01-06,229.6300048828125,221.33029174804688,309900
2021-01-07,241.24000549316406,222.91888427734375,259400
2021-01-08,241.3000030517578,220.7114715576172,209700
2021-01-11,237.99000549316406,219.12289428710938,215400
2021-01-12,238.60000610351562,221.12709045410156,163400
2021-01-13,238.69000244140625,220.03729248046875,162900
2021-01-14,239.6699981689453,217.2295379638672,197900
2021-01-15,233.3300018310547,213.53512573242188,268500
2021-01-19,230.66000366210938,214.95748901367188,235900
2021-01-20,231.66000366210938,218.5040740966797,179300
2021-01-21,236.47999572753906,214.08934020996094,178400
2021-01-22,229.72000122070312,211.42935180664062,229600
2021-01-25,227.27000427246094,210.810546875,186500
2021-01-26,228.22999572753906,209.8130645751953,266900
2021-01-27,224.02999877929688,202.20265197753906,308600
2021-01-28,220.82000732421875,200.5124969482422,290800
2021-01-29,215.7100067138672,194.95242309570312,316800
2021-02-01,212.88999938964844,195.34033203125,254900
2021-02-02,213.8300018310547,197.75091552734375,294200
2021-02-03,212.99000549316406,197.90794372558594,177100
2021-02-04,215.83999633789062,204.04981994628906,272200
2021-02-05,222.11000061035156,202.63671875,201400
2021-02-08,219.99000549316406,207.984375,236800
2021-02-09,228.1999969482422,215.2345428466797,430500
2021-02-10,233.72999572753906,216.75848388671875,238100
2021-02-11,235.66000366210938,226.2345733642578,365500
2021-02-12,243.60000610351562,224.9322967529297,305100
2021-02-16,244.77000427246094,222.0691680908203,260600
2021-02-17,241.22000122070312,224.1749267578125,177400
2021-02-18,240.61000061035156,222.49398803710938,158100
2021-02-19,242.3300018310547,221.0162811279297,351400
2021-02-22,238.3000030517578,223.33448791503906,298500
2021-02-23,242.97000122070312,221.64431762695312,299000
2021-02-24,241.0,226.0221710205078,207100
2021-02-25,246.16000366210938,220.7114715576172,221700
2021-02-26,238.86000061035156,223.33448791503906,391200
2021-03-01,244.61000061035156,224.10107421875,205100
2021-03-02,242.27999877929688,223.43606567382812,186400
2021-03-03,240.0800018310547,223.72238159179688,271600
2021-03-04,241.05999755859375,221.36724853515625,222700
2021-03-05,242.3699951171875,228.03558349609375,219400
2021-03-08,248.16000366210938,231.85928344726562,240100
2021-03-09,248.9499969482422,228.2664794921875,320600
2021-03-10,246.6699981689453,231.10194396972656,206300
2021-03-11,248.22999572753906,230.363037109375,192800
2021-03-12,251.92999267578125,233.5032501220703,216800
2021-03-15,251.75999450683594,236.41261291503906,206700
2021-03-16,251.1300048828125,235.43692016601562,184800
2021-03-17,255.60000610351562,233.4948272705078,225400
2021-03-18,253.7100067138672,234.11740112304688,209900
2021-03-19,251.75,228.4305877685547,450800
2021-03-22,244.27000427246094,226.61859130859375,242500
2021-03-23,242.75,224.27696228027344,282700
2021-03-24,245.5,225.75440979003906,378700
2021-03-25,243.1999969482422,230.31689453125,314000
2021-03-26,250.0,232.44479370117188,178000
2021-03-29,251.4199981689453,236.10594177246094,458200
2021-03-30,254.77000427246094,236.2917938232422,288700
2021-03-31,254.22999572753906,230.2704620361328,281700
2021-04-01,246.17999267578125,233.3368377685547,235400
2021-04-05,252.86000061035156,233.2439422607422,341600
2021-04-06,250.30999755859375,235.63206481933594,262300
2021-04-07,253.5800018310547,237.65773010253906,256200
2021-04-08,254.0500030517578,235.37185668945312,266600
2021-04-09,254.4499969482422,236.73780822753906,185100
2021-04-12,254.47000122070312,236.9329376220703,262600
2021-04-13,254.7100067138672,237.94583129882812,241600
2021-04-14,256.25,241.0865936279297,244900
2021-04-15,259.80999755859375,244.19943237304688,208900
2021-04-16,264.2799987792969,243.549072265625,228000
2021-04-19,263.6000061035156,245.3145294189453,162000
2021-04-20,263.4100036621094,243.85562133789062,327400
2021-04-21,262.42999267578125,248.6969451904297,189200
2021-04-22,266.29998779296875,245.7884521484375,220000
2021-04-23,265.2699890136719,247.93496704101562,169300
2021-04-26,267.1099853515625,247.1730194091797,226900
2021-04-27,266.989990234375,248.14866638183594,188900
2021-04-28,269.3299865722656,247.2845001220703,311500
2021-04-29,266.3399963378906,253.16647338867188,655100
2021-04-30,273.04998779296875,257.34796142578125,462600
2021-05-03,279.19000244140625,252.81332397460938,393800
2021-05-04,272.17999267578125,254.06787109375,441100
2021-05-05,273.1099853515625,253.77972412109375,300200
2021-05-06,274.7799987792969,253.97486877441406,276300
2021-05-07,270.17999267578125,253.77041625976562,296800
2021-05-10,274.2300109863281,253.5009765625,332400
2021-05-11,271.6000061035156,246.7733917236328,319900
2021-05-12,267.0899963378906,243.86495971679688,307500
2021-05-13,261.07000732421875,251.78189086914062,222700
2021-05-14,270.75,252.2186737060547,191700
2021-05-17,271.1400146484375,252.85055541992188,335900
2021-05-18,270.4800109863281,252.29299926757812,400500
2021-05-19,270.32000732421875,250.14645385742188,324300
2021-05-20,269.69000244140625,249.4217071533203,252400
2021-05-21,268.6199951171875,245.58404541015625,276800
2021-05-24,265.45001220703125,244.9149932861328,388200
2021-05-25,261.7799987792969,237.82980346679688,592600
2021-05-26,254.92999267578125,238.0728302001953,495900
2021-05-27,256.5899963378906,242.96141052246094,1750000
2021-05-28,261.5799865722656,242.9894256591797,357000
2021-06-01,262.4100036621094,242.83985900878906,463100
2021-06-02,259.489990234375,240.30682373046875,332300
2021-06-03,256.19000244140625,240.22268676757812,325200
2021-06-04,256.7699890136719,242.4379425048828,227200
2021-06-07,259.17999267578125,240.9611358642578,327800
2021-06-08,257.2200012207031,242.2510223388672,304100
2021-06-09,257.6499938964844,240.83026123046875,237400
2021-06-10,258.94000244140625,238.24107360839844,237500
2021-06-11,254.77999877929688,237.2689666748047,276200
2021-06-14,253.77999877929688,237.4465789794922,207600
2021-06-15,254.38999938964844,239.83009338378906,216400
2021-06-16,255.9499969482422,237.5961456298828,191400
2021-06-17,254.92999267578125,229.50148010253906,310000
2021-06-18,239.2899932861328,220.78988647460938,606000
2021-06-21,237.8699951171875,227.67874145507812,327700
2021-06-22,243.52000427246094,228.4826202392578,301900
2021-06-23,244.3300018310547,229.735107421875,407500
2021-06-24,247.47000122070312,236.11924743652344,327500
2021-06-25,253.64999389648438,239.5122833251953,512600
2021-06-28,255.75999450683594,235.12847900390625,235800
2021-06-29,252.8000030517578,236.48379516601562,361700
2021-06-30,251.97999572753906,235.55845642089844,226000
2021-07-01,252.9600067138672,240.054443359375,291800
2021-07-02,255.27000427246094,235.8762664794922,311100
2021-07-06,251.08999633789062,232.16539001464844,668700
2021-07-07,246.72999572753906,234.5956573486328,528400
2021-07-08,247.00999450683594,227.12728881835938,240900
2021-07-09,246.85000610351562,231.67935180664062,282300
2021-07-12,246.16000366210938,232.65147399902344,174900
2021-07-13,248.30999755859375,228.69760131835938,155300
2021-07-14,245.00999450683594,229.20236206054688,175000
2021-07-15,242.67999267578125,230.28665161132812,222700
2021-07-16,247.3699951171875,230.6698760986328,140200
2021-07-19,242.41000366210938,221.22918701171875,253900
2021-07-20,237.1999969482422,225.50086975097656,285800
2021-07-21,243.3800048828125,228.5667724609375,221900
2021-07-22,243.72000122070312,226.8749237060547,169200
2021-07-23,244.4600067138672,226.94032287597656,152900
2021-07-26,242.27000427246094,227.68809509277344,234700
2021-07-27,241.61000061035156,229.03411865234375,253200
2021-07-28,244.69000244140625,227.51048278808594,279600
2021-07-29,247.67999267578125,231.4176483154297,373500
2021-07-30,247.00999450683594,236.3249053955078,346400
2021-08-02,254.47000122070312,238.12889099121094,370300
2021-08-03,256.1199951171875,242.8492431640625,476900
2021-08-04,258.4200134277344,241.3350067138672,335700
2021-08-05,260.2799987792969,242.26036071777344,273300
2021-08-06,261.9700012207031,245.52255249023438,165800
2021-08-09,262.6600036621094,245.5973663330078,273800
2021-08-10,262.3900146484375,247.03680419921875,239100
2021-08-11,264.54998779296875,251.26173400878906,172400
2021-08-12,270.0,253.70132446289062,167000
2021-08-13,272.2200012207031,255.10336303710938,229100
2021-08-16,271.9100036621094,253.94435119628906,267800
2021-08-17,270.30999755859375,255.81378173828125,222000
2021-08-18,272.2699890136719,253.85089111328125,210000
2021-08-19,269.8699951171875,253.71066284179688,180500
2021-08-20,270.739990234375,254.1873779296875,197800
2021-08-23,273.1099853515625,255.01925659179688,139200
2021-08-24,272.04998779296875,255.85598754882812,169400
2021-08-25,272.29998779296875,256.363525390625,198600
2021-08-26,272.70001220703125,250.4036102294922,243900
2021-08-27,266.4100036621094,251.85128784179688,203500
2021-08-30,267.7699890136719,247.25436401367188,194700
2021-08-31,262.7099914550781,249.02169799804688,305500
2021-09-01,264.75,245.59051513671875,266700
2021-09-02,261.3900146484375,243.5975799560547,402700
2021-09-03,258.8299865722656,241.2568359375,340600
2021-09-07,255.80999755859375,237.0641326904297,405200
2021-09-08,253.17999267578125,247.63978576660156,562000
2021-09-09,263.510009765625,244.4906005859375,233200
2021-09-10,261.92999267578125,240.03477478027344,286900
2021-09-13,257.6199951171875,241.7268524169922,170700
2021-09-14,258.739990234375,238.69044494628906,193600
2021-09-15,253.8000030517578,238.20164489746094,188700
2021-09-16,254.41000366210938,237.19578552246094,199900
2021-09-17,251.4499969482422,240.52357482910156,517500
2021-09-20,252.14999389648438,238.1358184814453,270200
2021-09-21,255.39999389648438,237.74098205566406,190100
2021-09-22,255.10000610351562,238.19223022460938,212300
2021-09-23,254.4600067138672,239.9219207763672,209500
2021-09-24,254.91000366210938,240.4107666015625,153200
2021-09-27,257.7799987792969,243.37196350097656,241200
2021-09-28,259.760009765625,239.14169311523438,184500
2021-09-29,253.97000122070312,237.8726043701172,163500
2021-09-30,253.1699981689453,235.74807739257812,272900
2021-10-01,251.66000366210938,236.9231719970703,224000
2021-10-04,252.27999877929688,235.4002685546875,179000
2021-10-05,250.3699951171875,240.43894958496094,240300
2021-10-06,254.6199951171875,245.21446228027344,198500
2021-10-07,263.67999267578125,250.12158203125,208100
2021-10-08,267.2799987792969,252.49990844726562,170800
2021-10-11,268.8399963378906,249.5293426513672,156900
2021-10-12,264.4599914550781,249.85836791992188,127000
2021-10-13,264.8599853515625,250.234375,231000
2021-10-14,268.9100036621094,261.21435546875,348000
2021-10-15,279.9100036621094,261.7689208984375,227200
2021-10-18,277.29998779296875,259.785400390625,229600
2021-10-19,278.8800048828125,260.0580749511719,174600
2021-10-20,275.6499938964844,262.28594970703125,162400
2021-10-21,278.5899963378906,262.82177734375,142100
2021-10-22,281.07000732421875,264.0814514160156,152100
2021-10-25,280.1700134277344,265.6983642578125,141200
2021-10-26,284.260009765625,269.4397888183594,275300
2021-10-27,286.8699951171875,263.38580322265625,415300
2021-10-28,275.0,251.37185668945312,531600
2021-10-29,266.45001220703125,245.8255157470703,406500
2021-11-01,263.9100036621094,249.5105438232422,302400
2021-11-02,266.70001220703125,257.3976135253906,399600
2021-11-03,272.05999755859375,257.5480651855469,173500
2021-11-04,273.1600036621094,252.69735717773438,186200
2021-11-05,271.8299865722656,257.1532287597656,159700
2021-11-08,275.69000244140625,257.2847900390625,127200
2021-11-09,272.20001220703125,256.1097106933594,110800
2021-11-10,273.260009765625,254.11685180664062,124400
2021-11-11,269.8900146484375,256.46697998046875,282700
2021-11-12,273.2799987792969,257.71728515625,195700
2021-11-15,274.7900085449219,258.986328125,100200
2021-11-16,276.2099914550781,261.8441162109375,199700
2021-11-17,277.57000732421875,261.4587097167969,216600
2021-11-18,277.4200134277344,257.9522399902344,161300
2021-11-19,274.1499938964844,251.0991973876953,333900
2021-11-22,267.7099914550781,257.45404052734375,200000
2021-11-23,275.6300048828125,262.7371520996094,191800
2021-11-24,279.2300109863281,261.2424621582031,134700
2021-11-26,267.82000732421875,252.3118896484375,139800
2021-11-29,272.2200012207031,248.52342224121094,267200
2021-11-30,259.5199890136719,242.43380737304688,524900
2021-12-01,260.3299865722656,242.9254608154297,374600
2021-12-02,258.7200012207031,249.478515625,302800
2021-12-03,263.6000061035156,248.1925506591797,312900
2021-12-06,266.2699890136719,252.44776916503906,176700
2021-12-07,267.5400085449219,256.1545715332031,239400
2021-12-08,271.1499938964844,258.9345703125,293200
2021-12-09,272.25,256.43817138671875,217400
2021-12-10,272.3999938964844,255.28456115722656,152700
2021-12-13,269.05999755859375,252.92999267578125,167600
2021-12-14,268.0199890136719,255.03871154785156,151200
2021-12-15,271.1000061035156,255.199462890625,170500
2021-12-16,272.57000732421875,255.8424835205078,244400
2021-12-17,273.7300109863281,252.40994262695312,608000
2021-12-20,264.05999755859375,247.43603515625,318800
2021-12-21,263.5,250.4336395263672,223700
2021-12-22,263.9200134277344,248.7598876953125,311600
2021-12-23,265.20001220703125,252.49501037597656,124200
2021-12-27,268.32000732421875,256.466552734375,110600
2021-12-28,271.5400085449219,259.3128356933594,129700
2021-12-29,274.2200012207031,261.1756896972656,130100
2021-12-30,276.8399963378906,259.29388427734375,82600
2021-12-31,273.7200012207031,259.0196228027344,151400
2022-01-03,274.6499938964844,257.951171875,188200
2022-01-04,276.0299987792969,258.0268249511719,200400
2022-01-05,274.6600036621094,254.60372924804688,222400
2022-01-06,274.989990234375,259.3884582519531,213900
2022-01-07,275.55999755859375,263.984130859375,161800
2022-01-10,281.4599914550781,264.9580993652344,240300
2022-01-11,282.0,270.1022033691406,207200
2022-01-12,285.9800109863281,267.6246032714844,140000
2022-01-13,284.3800048828125,269.11871337890625,132500
2022-01-14,283.2799987792969,274.5086669921875,211900
2022-01-18,289.0,275.0760192871094,310600
2022-01-19,292.1700134277344,271.709716796875,192800
2022-01-20,287.8900146484375,271.48272705078125,276200
2022-01-21,287.239990234375,268.57977294921875,217700
2022-01-24,282.1300048828125,268.6553649902344,319700
2022-01-25,281.6000061035156,269.7712097167969,221000
2022-01-26,286.05999755859375,266.4331970214844,277000
2022-01-27,284.0199890136719,262.82098388671875,372900
2022-01-28,278.6099853515625,265.4781494140625,297800
2022-01-31,277.5,267.9839782714844,377000
2022-02-01,281.510009765625,269.0525817871094,253500
2022-02-02,283.1400146484375,274.423583984375,217000
2022-02-03,291.0799865722656,269.7238464355469,221800
2022-02-04,284.8399963378906,270.4331359863281,291300
2022-02-07,286.8800048828125,271.1612854003906,194900
2022-02-08,288.6400146484375,274.5748291015625,278300
2022-02-09,291.2200012207031,273.39288330078125,344800
2022-02-10,288.1499938964844,275.5866394042969,522800
2022-02-11,292.239990234375,278.8868103027344,347100
2022-02-14,295.7900085449219,277.17529296875,314100
2022-02-15,294.7099914550781,284.2767639160156,259900
2022-02-16,299.94000244140625,286.5934143066406,634800
2022-02-17,301.8999938964844,286.2908935546875,352600
2022-02-18,301.8699951171875,287.860595703125,265500
2022-02-22,305.5299987792969,284.0970153808594,306100
2022-02-23,302.6499938964844,283.7567138671875,309400
2022-02-24,293.6499938964844,275.64337158203125,508800
2022-02-25,292.8999938964844,285.8747863769531,281300
2022-02-28,294.2799987792969,281.9978332519531,315800
2022-03-01,295.29998779296875,268.6365051269531,371200
2022-03-02,285.8699951171875,276.749755859375,264000
2022-03-03,291.9800109863281,273.3833312988281,260300
2022-03-04,282.8599853515625,267.04791259765625,372300
2022-03-07,278.75,252.80703735351562,393500
2022-03-08,270.17999267578125,252.8164520263672,265800
2022-03-09,275.0,260.4948425292969,343800
2022-03-10,271.6099853515625,258.8967590332031,269200
2022-03-11,275.8999938964844,256.64617919921875,282200
2022-03-14,276.8500061035156,257.2135314941406,331100
2022-03-15,273.1600036621094,265.1070556640625,291000
2022-03-16,282.4100036621094,269.519775390625,285500
2022-03-17,280.739990234375,271.212646484375,212900
2022-03-18,283.0299987792969,272.6201171875,479500
2022-03-21,291.20001220703125,272.848388671875,392800
2022-03-22,288.0199890136719,277.9743957519531,224300
2022-03-23,292.0,277.5464782714844,267700
2022-03-24,293.010009765625,280.55169677734375,200600
2022-03-25,294.6700134277344,284.3652648925781,157400
2022-03-28,298.8999938964844,283.1860046386719,128700
2022-03-29,300.20001220703125,287.76043701171875,197300
2022-03-30,303.8900146484375,289.79559326171875,214600
2022-03-31,305.1099853515625,286.61920166015625,290800
2022-04-01,303.25,292.05908203125,258400
2022-04-04,306.42999267578125,282.7294616699219,267500
2022-04-05,297.2900085449219,284.2416076660156,302500
2022-04-06,297.30999755859375,282.9673156738281,206700
2022-04-07,296.92999267578125,282.0162353515625,171800
2022-04-08,297.29998779296875,283.2335205078125,168500
2022-04-11,299.57000732421875,282.4156494140625,227200
2022-04-12,297.239990234375,275.7204895019531,302900
2022-04-13,288.5299987792969,277.4798278808594,137200
2022-04-14,291.7799987792969,276.338623046875,190100
2022-04-18,289.3399963378906,275.86309814453125,116000
2022-04-19,291.4700012207031,276.8711853027344,215800
2022-04-20,292.8999938964844,282.8626708984375,225700
2022-04-21,299.760009765625,278.7066345214844,183500
2022-04-22,292.4700012207031,272.16363525390625,190100
2022-04-25,284.989990234375,270.3186340332031,272700
2022-04-26,281.7799987792969,264.86932373046875,222400
2022-04-27,278.510009765625,270.8512268066406,403900
2022-04-28,290.9599914550781,268.8160705566406,417100
2022-04-29,280.7699890136719,261.25537109375,279000
2022-05-02,277.489990234375,263.8421936035156,269600
2022-05-03,279.0899963378906,265.8393859863281,172000
2022-05-04,280.489990234375,272.18267822265625,248100
2022-05-05,283.7300109863281,270.22357177734375,208800
2022-05-06,284.8900146484375,273.24786376953125,270300
2022-05-09,284.92999267578125,266.8188781738281,266600
2022-05-10,282.489990234375,265.6111755371094,246100
2022-05-11,280.010009765625,264.9168395996094,199900
2022-05-12,278.20001220703125,260.5707092285156,438200
2022-05-13,275.489990234375,266.30535888671875,278400
2022-05-16,279.1300048828125,268.5497741699219,140300
2022-05-17,285.4800109863281,275.349609375,145200
2022-05-18,287.4800109863281,266.6572570800781,237900
2022-05-19,277.6600036621094,262.8055725097656,255600
2022-05-20,277.4800109863281,257.31817626953125,246900
2022-05-23,274.92999267578125,260.9796447753906,271700
2022-05-24,272.5299987792969,262.09906005859375,233000
2022-05-25,272.739990234375,262.55828857421875,266900
2022-05-26,277.2799987792969,267.1412658691406,213200
2022-05-27,279.5,272.4801025390625,144500
2022-05-31,282.6700134277344,270.2890319824219,258100
2022-06-01,282.19000244140625,266.4810791015625,157400
2022-06-02,279.3900146484375,269.4566955566406,124800
2022-06-03,279.9800109863281,268.17462158203125,166300
2022-06-06,282.9200134277344,273.0541687011719,173100
2022-06-07,284.2099914550781,275.7522888183594,121300
2022-06-08,286.6000061035156,269.6097717285156,148200
2022-06-09,282.1300048828125,265.91656494140625,130400
2022-06-10,273.17999267578125,266.0792541503906,444500
2022-06-13,273.1499938964844,258.0232238769531,316600
2022-06-14,271.0400085449219,260.8840026855469,221000
2022-06-15,276.8299865722656,263.36199951171875,307000
2022-06-16,270.45001220703125,253.54547119140625,282500
2022-06-17,266.9700012207031,257.4873962402344,597700
2022-06-21,273.67999267578125,259.1809387207031,222700
2022-06-22,267.45001220703125,259.841064453125,149300
2022-06-23,271.989990234375,260.46295166015625,267900
2022-06-24,273.94000244140625,270.9491882324219,323800
2022-06-27,283.3399963378906,270.796142578125,185200
2022-06-28,285.0,268.30853271484375,179100
2022-06-29,282.0199890136719,266.5002136230469,165800
2022-06-30,276.3900146484375,268.16497802734375,243500
2022-07-01,278.9599914550781,271.51373291015625,140700
2022-07-05,279.6499938964844,265.4286804199219,165300
2022-07-06,277.80999755859375,269.3322448730469,184600
2022-07-07,282.94000244140625,273.3220520019531,437300
2022-07-08,285.7799987792969,268.5860290527344,230500
2022-07-11,278.6400146484375,267.7631530761719,133000
2022-07-12,279.3299865722656,264.8832702636719,215100
2022-07-13,274.4700012207031,264.9598388671875,315800
2022-07-14,270.8399963378906,251.76588439941406,270100
2022-07-15,266.0799865722656,251.80413818359375,230000
2022-07-18,265.0400085449219,250.32113647460938,282200
2022-07-19,265.3699951171875,258.3102111816406,188400
2022-07-20,269.9599914550781,257.8987731933594,220300
2022-07-21,269.6700134277344,258.5589599609375,154600
2022-07-22,270.94000244140625,260.18548583984375,200600
2022-07-25,273.0400085449219,261.9746398925781,137200
2022-07-26,273.3999938964844,260.0707092285156,189700
2022-07-27,270.8500061035156,259.4009704589844,222300
2022-07-28,263.07000732421875,247.09681701660156,830700
2022-07-29,258.3299865722656,250.0532684326172,417800
2022-08-01,259.489990234375,241.45184326171875,472300
2022-08-02,253.22999572753906,238.50497436523438,277900
2022-08-03,250.36000061035156,242.27467346191406,261000
2022-08-04,252.13999938964844,240.9256134033203,212000
2022-08-05,253.25,244.60919189453125,161100
2022-08-08,257.3399963378906,246.65667724609375,157100
2022-08-09,259.739990234375,249.5461883544922,201200
2022-08-10,263.80999755859375,252.88534545898438,212100
2022-08-11,266.7900085449219,259.49658203125,218900
2022-08-12,272.44000244140625,263.63946533203125,146300
2022-08-15,272.95001220703125,263.2471923828125,128400
2022-08-16,275.6300048828125,265.31378173828125,201600
2022-08-17,273.8999938964844,266.1462707519531,155400
2022-08-18,279.45001220703125,269.99249267578125,142900
2022-08-19,282.17999267578125,269.3322448730469,240800
2022-08-22,278.3999938964844,262.7879638671875,211800
2022-08-23,272.7300109863281,262.460693359375,125200
2022-08-24,271.8699951171875,263.4617614746094,138000
2022-08-25,274.4200134277344,266.4648742675781,164500
2022-08-26,277.489990234375,262.7013244628906,123900
2022-08-29,268.6600036621094,261.94091796875,171100
2022-08-30,272.5199890136719,259.4093322753906,111500
2022-08-31,270.8900146484375,258.9762268066406,234500
2022-09-01,268.75,262.1526794433594,197100
2022-09-02,274.3800048828125,263.7504577636719,167800
2022-09-06,276.010009765625,264.1258850097656,227500
2022-09-07,273.5299987792969,270.8830871582031,258400
2022-09-08,280.6199951171875,274.83917236328125,205800
2022-09-09,286.3699951171875,272.1054992675781,307700
2022-09-12,284.760009765625,272.240234375,300600
2022-09-13,279.3900146484375,269.0156555175781,206800
2022-09-14,278.95001220703125,269.66058349609375,267900
2022-09-15,280.7799987792969,274.3482360839844,201300
2022-09-16,283.1600036621094,272.4712829589844,418400
2022-09-19,280.3699951171875,273.38568115234375,241900
2022-09-20,282.7799987792969,261.2959289550781,466600
2022-09-21,270.9599914550781,251.0543670654297,330700
2022-09-22,261.4200134277344,247.85865783691406,415100
2022-09-23,254.77000427246094,245.56776428222656,380100
2022-09-26,252.72999572753906,236.58709716796875,571600
2022-09-27,246.99000549316406,244.3453369140625,706300
2022-09-28,254.50999450683594,249.7260284423828,490800
2022-09-29,257.42999267578125,257.48419189453125,403200
2022-09-30,269.239990234375,252.6136932373047,430100
2022-10-03,264.9700012207031,255.9344940185547,321000
2022-10-04,267.8699951171875,266.57080078125,348200
2022-10-05,273.8299865722656,263.48101806640625,369900
2022-10-06,270.92999267578125,262.1141662597656,258200
2022-10-07,270.20001220703125,254.52919006347656,307900
2022-10-10,265.7300109863281,257.48419189453125,231200
2022-10-11,267.19000244140625,257.6671142578125,232400
2022-10-12,267.4800109863281,251.07359313964844,275100
2022-10-13,257.739990234375,263.6253967285156,337600
2022-10-14,275.20001220703125,260.18902587890625,286700
2022-10-17,275.0299987792969,263.40399169921875,221600
2022-10-18,278.30999755859375,267.84136962890625,266200
2022-10-19,277.1400146484375,269.20819091796875,246200
2022-10-20,276.6700134277344,259.9002380371094,339800
2022-10-21,271.1600036621094,269.4007263183594,399000
2022-10-24,281.9700012207031,273.7418518066406,219800
2022-10-25,280.6400146484375,272.461669921875,295900
2022-10-26,286.1400146484375,271.0369873046875,327700
2022-10-27,291.5299987792969,290.4615173339844,510100
2022-10-28,303.7099914550781,309.5971374511719,709800
2022-10-31,318.1600036621094,310.57891845703125,422700
2022-11-01,324.010009765625,304.1971740722656,561400
2022-11-02,316.1600036621094,309.8185119628906,617900
2022-11-03,320.17999267578125,318.674072265625,450300
2022-11-04,333.8900146484375,320.6858215332031,587400
2022-11-07,333.7900085449219,316.4601745605469,301600
2022-11-08,327.54998779296875,313.4858703613281,242600
2022-11-09,322.69000244140625,308.0570983886719,252400
2022-11-10,326.80999755859375,308.201416015625,336800
2022-11-11,321.9599914550781,297.1512145996094,444200
2022-11-14,310.1300048828125,298.4699401855469,229900
2022-11-15,312.04998779296875,304.3704528808594,280100
2022-11-16,316.05999755859375,305.515869140625,239800
2022-11-17,314.44000244140625,305.4966125488281,230000
2022-11-18,321.1199951171875,311.3778381347656,430000
2022-11-21,323.2300109863281,311.9169006347656,232900
2022-11-22,324.9200134277344,316.60919189453125,234800
2022-11-23,327.8399963378906,318.2152099609375,238100
2022-11-25,331.3999938964844,323.5460510253906,95300
2022-11-28,332.6700134277344,318.4377136230469,220000
2022-11-29,329.010009765625,321.97869873046875,191900
2022-11-30,332.75,326.95159912109375,379200
2022-12-01,339.8500061035156,319.59869384765625,299300
2022-12-02,329.2900085449219,322.62689208984375,226600
2022-12-05,332.25,319.84063720703125,165900
2022-12-06,331.7300109863281,325.8099365234375,281100
2022-12-07,335.6600036621094,322.12384033203125,192800
2022-12-08,336.2699890136719,322.8881530761719,208900
2022-12-09,333.80999755859375,321.74652099609375,249200
2022-12-12,332.3999938964844,321.7271728515625,348300
2022-12-13,335.57000732421875,320.5758972167969,305300
2022-12-14,330.8299865722656,314.8096618652344,471500
2022-12-15,323.2300109863281,312.00396728515625,523600
2022-12-16,319.95001220703125,312.6037902832031,1190700
2022-12-19,323.17999267578125,311.8975524902344,219100
2022-12-20,324.6400146484375,316.37701416015625,239100
2022-12-21,329.2300109863281,324.3297424316406,227600
2022-12-22,334.0400085449219,321.97869873046875,261300
2022-12-23,332.57000732421875,324.0298156738281,158300
2022-12-27,335.3299865722656,325.1520690917969,135200
2022-12-28,337.1000061035156,323.09130859375,137000
2022-12-29,336.7200012207031,323.97174072265625,121700
2022-12-30,332.54998779296875,320.4985046386719,151900
2023-01-03,330.7900085449219,322.5399169921875,248100
2023-01-04,335.239990234375,329.9991455078125,287500
2023-01-05,340.79998779296875,331.0150451660156,301000
2023-01-06,344.95001220703125,339.973876953125,381700
2023-01-09,350.5899963378906,341.22198486328125,372400
2023-01-10,354.2900085449219,347.2784118652344,279000
2023-01-11,359.54998779296875,341.2993469238281,305400
2023-01-12,352.760009765625,338.2420959472656,297400
2023-01-13,347.739990234375,341.4348449707031,362600
2023-01-17,353.1300048828125,335.3977355957031,322000
2023-01-18,347.95001220703125,334.24639892578125,185500
2023-01-19,344.30999755859375,333.2886047363281,246900
2023-01-20,345.9200134277344,327.3192138671875,310000
2023-01-23,339.92999267578125,327.8900451660156,156800
2023-01-24,337.0,332.330810546875,222300
2023-01-25,342.8299865722656,339.43212890625,194300
2023-01-26,351.6499938964844,345.4402160644531,186500
2023-01-27,356.69000244140625,339.5772399902344,151200
2023-01-30,350.9700012207031,335.6396179199219,138300
2023-01-31,347.94000244140625,338.31951904296875,161000
2023-02-01,347.75,344.7435607910156,322200
2023-02-02,355.20001220703125,330.328125,445000
2023-02-03,341.0899963378906,331.25689697265625,242300
2023-02-06,342.3999938964844,334.5463562011719,244100
2023-02-07,344.1199951171875,343.5826416015625,310800
2023-02-08,353.4200134277344,345.47894287109375,406500
2023-02-09,384.79998779296875,366.1540832519531,729300
2023-02-10,379.1700134277344,367.140869140625,311400
2023-02-13,381.0,369.5789794921875,195500
2023-02-14,382.45001220703125,367.31500244140625,201000
2023-02-15,379.0,371.9685974121094,248900
2023-02-16,382.70001220703125,367.9922180175781,241700
2023-02-17,380.1199951171875,374.17449951171875,307300
2023-02-21,386.0,369.3177185058594,260700
2023-02-22,380.92999267578125,367.4311218261719,207100
2023-02-23,380.0299987792969,368.3792724609375,259600
2023-02-24,379.80999755859375,373.61334228515625,239800
2023-02-27,387.010009765625,368.7275390625,199300
2023-02-28,382.30999755859375,371.4848937988281,274200
2023-03-01,383.2699890136719,378.1315002441406,343800
2023-03-02,389.25,370.9140319824219,331800
2023-03-03,382.80999755859375,370.32391357421875,196000
2023-03-06,382.42999267578125,368.93072509765625,337200
2023-03-07,382.239990234375,370.75927734375,168500
2023-03-08,384.75,369.68536376953125,239500
2023-03-09,379.760009765625,356.1889343261719,354500
2023-03-10,366.6099853515625,345.2950744628906,566100
2023-03-13,349.239990234375,334.8849792480469,565100
2023-03-14,352.5,347.0075378417969,439400
2023-03-15,347.92999267578125,328.8902893066406,520600
2023-03-16,336.82000732421875,344.3152160644531,371800
2023-03-17,352.1099853515625,324.7983093261719,779700
2023-03-20,337.8399963378906,338.1141052246094,373300
2023-03-21,355.30999755859375,343.8292541503906,198200
2023-03-22,353.17999267578125,336.1701965332031,329000
2023-03-23,345.989990234375,332.20465087890625,198100
2023-03-24,338.2799987792969,335.1593933105469,306600
2023-03-27,349.7900085449219,339.9219970703125,252500
2023-03-28,348.9200134277344,343.95556640625,212200
2023-03-29,357.8800048828125,348.95147705078125,196200
2023-03-30,359.9200134277344,346.123046875,233400
2023-03-31,357.3900146484375,347.9794616699219,251300
2023-04-03,357.30999755859375,351.79925537109375,166900
2023-04-04,364.1000061035156,348.50433349609375,148400
2023-04-05,356.739990234375,352.81982421875,269400
2023-04-06,363.94000244140625,351.9450988769531,252200
2023-04-10,363.79998779296875,354.5207214355469,183300
2023-04-11,365.1300048828125,353.09197998046875,160100
2023-04-12,363.7699890136719,355.346923828125,196600
2023-04-13,363.5,352.54766845703125,268500
2023-04-14,363.55999755859375,349.1361083984375,246800
2023-04-17,358.54998779296875,353.5973815917969,232200
2023-04-18,364.95001220703125,359.2833251953125,226600
2023-04-19,370.7099914550781,363.8418273925781,270700
2023-04-20,374.2799987792969,365.06646728515625,307000
2023-04-21,372.7300109863281,360.22607421875,340300
2023-04-24,371.1199951171875,360.8773498535156,188000
2023-04-25,369.5400085449219,359.6235046386719,181100
2023-04-26,367.6199951171875,358.59320068359375,240400
2023-04-27,369.0299987792969,363.38494873046875,247400
2023-04-28,371.42999267578125,367.3992004394531,249600
2023-05-01,376.8800048828125,369.6734924316406,365800
2023-05-02,362.0,371.2870178222656,527800
2023-05-03,381.07000732421875,365.494140625,350300
2023-05-04,376.0299987792969,361.1300354003906,335200
2023-05-05,374.5299987792969,364.8720703125,378800
2023-05-08,377.55999755859375,372.4727478027344,288000
2023-05-09,383.6499938964844,372.1325988769531,399300
2023-05-10,384.95001220703125,375.1554260253906,269100
2023-05-11,385.2699890136719,376.24395751953125,141200
2023-05-12,390.30999755859375,375.05816650390625,187800
2023-05-15,387.92999267578125,372.50189208984375,141600
2023-05-16,382.2799987792969,367.7879638671875,118800
2023-05-17,367.0,358.6515197753906,2127700
2023-05-18,369.989990234375,366.9132080078125,1568300
2023-05-19,379.9100036621094,365.912109375,723300
2023-05-22,375.1099853515625,351.35223388671875,722900
2023-05-23,367.0199890136719,354.77349853515625,862000
2023-05-24,363.69000244140625,351.29388427734375,450200
2023-05-25,361.010009765625,349.8553466796875,340900
2023-05-26,360.0,340.2427062988281,344800
2023-05-30,348.3900146484375,343.17242431640625,375200
2023-05-31,350.0,332.04937744140625,885000
2023-06-01,340.1099853515625,331.47320556640625,422500
2023-06-02,339.8800048828125,335.08648681640625,442000
2023-06-05,345.8599853515625,334.50054931640625,602800
2023-06-06,344.19000244140625,341.31695556640625,365400
2023-06-07,348.7799987792969,340.77008056640625,315900
2023-06-08,348.1000061035156,333.64117431640625,258100
2023-06-09,340.6199951171875,336.51226806640625,332100
2023-06-12,344.3699951171875,330.7408447265625,392800
2023-06-13,338.42999267578125,338.30914306640625,320700
2023-06-14,345.3900146484375,333.11383056640625,247600
2023-06-15,341.5899963378906,336.18023681640625,242500
2023-06-16,346.32000732421875,344.0904235839844,587700
2023-06-20,354.4200134277344,344.47119140625,342800
2023-06-21,355.0199890136719,343.60211181640625,281400
2023-06-22,353.6199951171875,345.14501953125,245400
2023-06-23,351.8900146484375,337.5571594238281,518100
2023-06-26,346.8999938964844,332.0006103515625,532500
2023-06-27,340.3900146484375,329.9791259765625,315700
2023-06-28,337.19000244140625,325.0670166015625,469300
2023-06-29,334.29998779296875,331.6978454589844,475600
2023-06-30,341.04998779296875,333.8462829589844,549200
2023-07-03,340.69000244140625,333.85601806640625,150200
2023-07-05,340.94000244140625,331.6685485839844,284900
2023-07-06,338.94000244140625,333.27984619140625,349700
2023-07-07,346.8299865722656,343.04547119140625,406900
2023-07-10,349.7900085449219,338.92437744140625,151500
2023-07-11,348.79998779296875,343.57281494140625,177500
2023-07-12,353.5299987792969,344.3735656738281,239800
2023-07-13,351.9800109863281,345.44775390625,240100
2023-07-14,353.4800109863281,344.3930969238281,211800
2023-07-17,352.9100036621094,350.6040344238281,227000
2023-07-18,357.6000061035156,349.64697265625,171000
2023-07-19,356.1400146484375,348.8559875488281,204200
2023-07-20,359.7200012207031,356.5024108886719,270300
2023-07-21,367.6300048828125,358.35784912109375,290000
2023-07-24,366.3699951171875,361.4340515136719,276500
2023-07-25,369.9700012207031,357.9770812988281,243800
2023-07-26,367.5400085449219,356.1996765136719,355400
2023-07-27,380.8999938964844,349.45166015625,580900
2023-07-28,361.260009765625,350.73095703125,371600
2023-07-31,359.3900146484375,352.05908203125,323500
2023-08-01,361.2200012207031,350.8090515136719,257900
2023-08-02,360.739990234375,351.1216125488281,218000
2023-08-03,359.0,353.8070983886719,216100
2023-08-04,360.80999755859375,346.97119140625,206400
2023-08-07,358.1600036621094,350.26220703125,148100
2023-08-08,355.80999755859375,337.94781494140625,323800
2023-08-09,348.2900085449219,350.5845031738281,287300
2023-08-10,362.6300048828125,350.1938171386719,203900
2023-08-11,356.7300109863281,347.67431640625,189000
2023-08-14,356.989990234375,347.42047119140625,168300
2023-08-15,353.8399963378906,346.56109619140625,200900
2023-08-16,354.80999755859375,346.59033203125,146000
2023-08-17,358.29998779296875,339.05133056640625,144100
2023-08-18,345.8399963378906,340.2329406738281,164300
2023-08-21,348.04998779296875,340.42828369140625,133100
2023-08-22,347.04998779296875,338.67047119140625,132400
2023-08-23,347.760009765625,344.3442687988281,167000
2023-08-24,352.510009765625,349.6860046386719,231500
2023-08-25,358.3500061035156,344.6079406738281,182000
2023-08-28,354.8699951171875,343.5044250488281,171900
2023-08-29,352.07000732421875,351.41455078125,198300
2023-08-30,359.1099853515625,354.19775390625,275300
2023-08-31,362.79998779296875,352.2251281738281,245100
2023-09-01,363.3500061035156,356.2485046386719,190800
2023-09-05,364.3299865722656,353.18212890625,280600
2023-09-06,360.8299865722656,357.7231140136719,255500
2023-09-07,367.9700012207031,358.61175537109375,363800
2023-09-08,370.5,362.01019287109375,256400
2023-09-11,372.7900085449219,368.99261474609375,303500
2023-09-12,378.6099853515625,367.46917724609375,282500
2023-09-13,378.0,366.36566162109375,235300
2023-09-14,379.07000732421875,371.25823974609375,239500
2023-09-15,377.9599914550781,370.32073974609375,396800
2023-09-18,377.44000244140625,377.1000061035156,335100
2023-09-19,385.2799987792969,381.2794494628906,444300
2023-09-20,390.1700134277344,384.5758972167969,388400
2023-09-21,391.7200012207031,385.04681396484375,453100
2023-09-22,392.20001220703125,384.3894958496094,404600
2023-09-25,390.1300048828125,381.33831787109375,269400
2023-09-26,386.67999267578125,378.76788330078125,345400
2023-09-27,386.7300109863281,374.5001525878906,649900
2023-09-28,383.17999267578125,374.27447509765625,320800
2023-09-29,380.67999267578125,364.6402587890625,339700
2023-10-02,372.05999755859375,368.5155334472656,221800
2023-10-03,375.55999755859375,365.1504211425781,207700
2023-10-04,373.17999267578125,378.00262451171875,338400
2023-10-05,383.4700012207031,379.75872802734375,304100
2023-10-06,390.260009765625,384.3698425292969,319000
2023-10-09,389.92999267578125,382.7020263671875,241200
2023-10-10,391.3999938964844,378.0222473144531,198600
2023-10-11,388.239990234375,385.07623291015625,237500
2023-10-12,396.5799865722656,386.43017578125,196400
2023-10-13,396.75,390.84503173828125,237800
2023-10-16,400.0,397.6145324707031,256800
2023-10-17,406.69000244140625,400.32232666015625,261100
2023-10-18,407.7099914550781,398.566162109375,290600
2023-10-19,405.5,394.2494201660156,350200
2023-10-20,401.9800109863281,388.5296630859375,389100
2023-10-23,395.42999267578125,381.671875,349600
2023-10-24,387.95001220703125,389.5892639160156,481000
2023-10-25,397.32000732421875,389.1870422363281,541900
2023-10-26,400.0,375.9717712402344,673000
2023-10-27,383.1499938964844,378.2871398925781,648800
2023-10-30,388.5899963378906,385.2135925292969,323400
2023-10-31,394.2900085449219,388.13720703125,420600
2023-11-01,398.0,394.7792053222656,392800
2023-11-02,400.0899963378906,374.8140869140625,825000
2023-11-03,381.94000244140625,378.1203308105469,351000
2023-11-06,386.2699890136719,375.5303039550781,477900
2023-11-07,382.7699890136719,376.7271728515625,247600
2023-11-08,384.9200134277344,374.05865478515625,270500
2023-11-09,383.2799987792969,372.9794616699219,420000
2023-11-10,380.4700012207031,377.4041748046875,274900
2023-11-13,385.7099914550781,378.5520324707031,368300
2023-11-14,387.5799865722656,385.7237854003906,662900
2023-11-15,395.2799987792969,382.64312744140625,401800
2023-11-16,392.9700012207031,391.7574462890625,444000
2023-11-17,399.5199890136719,388.8043518066406,334600
2023-11-20,394.6600036621094,392.1400451660156,368300
2023-11-21,404.3500061035156,399.29217529296875,413200
2023-11-22,405.29998779296875,400.2928771972656,325600
2023-11-24,410.6700134277344,406.41485595703125,143700
2023-11-27,414.57000732421875,406.7484436035156,256100
2023-11-28,417.0400085449219,400.2556457519531,412400
2023-11-29,405.5299987792969,396.4033508300781,332100
2023-11-30,402.3299865722656,404.4922180175781,1225300
2023-12-01,409.2300109863281,401.61529541015625,288300
2023-12-04,405.67999267578125,393.1717834472656,517400
2023-12-05,397.989990234375,391.3293762207031,333500
2023-12-06,397.20001220703125,384.6099548339844,452000
2023-12-07,390.510009765625,377.7033996582031,332200
2023-12-08,384.19000244140625,379.1024475097656,292500
2023-12-11,386.55999755859375,384.9646911621094,259700
2023-12-12,391.0,390.2850036621094,300200
2023-12-13,396.2699890136719,381.1222229003906,338600
2023-12-14,384.3299865722656,355.4565734863281,1173000
2023-12-15,358.3800048828125,350.8258972167969,935500
2023-12-18,360.010009765625,358.4320068359375,697100
2023-12-19,363.6099853515625,359.6044616699219,483100
2023-12-20,364.0400085449219,351.5254821777344,388700
2023-12-21,356.3599853515625,352.35308837890625,395500
2023-12-22,358.0,348.42193603515625,277100
2023-12-26,354.94000244140625,346.0967712402344,355900
2023-12-27,350.0,345.5154724121094,377300
2023-12-28,350.0,347.4071350097656,214400
2023-12-29,352.4599914550781,348.36279296875,210500
2024-01-02,355.010009765625,356.3137512207031,409400
2024-01-03,362.7799987792969,358.5798645019531,605600
2024-01-04,366.3800048828125,362.2646484375,541800
2024-01-05,370.8299865722656,365.9297790527344,529900
2024-01-08,371.8699951171875,367.0036926269531,437300
2024-01-09,372.25,363.0725402832031,343100
2024-01-10,365.3800048828125,365.03314208984375,415800
2024-01-11,370.9599914550781,368.8460693359375,316100
2024-01-12,375.3299865722656,364.9642028808594,346900
2024-01-16,371.010009765625,363.78192138671875,316400
2024-01-17,368.4200134277344,359.8114013671875,294400
2024-01-18,363.0400085449219,363.47650146484375,261000
2024-01-19,372.55999755859375,368.3238830566406,340800
2024-01-22,373.2699890136719,369.17120361328125,271300
2024-01-23,374.30999755859375,369.4569091796875,252700
2024-01-24,374.0,369.47662353515625,331100
2024-01-25,376.1199951171875,371.0037536621094,274600
2024-01-26,376.8399963378906,374.14666748046875,254900
2024-01-29,378.739990234375,371.9397277832031,337800
2024-01-30,377.6499938964844,374.1269836425781,288300
2024-01-31,382.80999755859375,379.2896423339844,344500
2024-02-01,382.1499938964844,372.82647705078125,368100
2024-02-02,381.239990234375,375.7132263183594,392400
2024-02-05,380.7799987792969,376.1763000488281,250800
2024-02-06,382.8999938964844,375.0137023925781,294000
2024-02-07,382.07000732421875,378.2748718261719,429600
2024-02-08,359.8599853515625,349.328369140625,1386200
2024-02-09,351.739990234375,348.5401916503906,691500
2024-02-12,354.57000732421875,355.6043701171875,413700
2024-02-13,365.0,362.7276916503906,704900
2024-02-14,367.70001220703125,365.5652160644531,444300
2024-02-15,372.42999267578125,368.8559265136719,453300
2024-02-16,378.4700012207031,362.44195556640625,392000
2024-02-20,365.92999267578125,362.67840576171875,388300
2024-02-21,367.0,356.56005859375,456700
2024-02-22,363.989990234375,364.9839172363281,507000
2024-02-23,370.45001220703125,365.4075927734375,225500
2024-02-26,370.8800048828125,361.5848083496094,265900
2024-02-27,365.79998779296875,362.2843322753906,227900
2024-02-28,368.5799865722656,364.8853759765625,259300
2024-02-29,369.8599853515625,363.4371032714844,496900
2024-03-01,368.5,364.46173095703125,455300
2024-03-04,369.5799865722656,362.0774230957031,390300
2024-03-05,368.1199951171875,361.5158386230469,364300
2024-03-06,368.7099914550781,364.7178649902344,286000
2024-03-07,369.510009765625,362.0774230957031,446900
2024-03-08,365.510009765625,362.2745056152344,332600
2024-03-11,367.3399963378906,374.06787109375,382500
2024-03-12,379.0400085449219,377.91033935546875,340900
2024-03-13,385.0,380.3438720703125,303000
2024-03-14,384.7900085449219,382.58038330078125,247900
2024-03-15,386.5899963378906,387.07305908203125,844900
2024-03-18,389.5299987792969,384.0942077636719,384200
2024-03-19,391.17999267578125,383.3915710449219,246300
2024-03-20,386.510009765625,386.67724609375,349600
2024-03-21,390.5400085449219,380.4523010253906,479900
2024-03-22,384.8299865722656,380.19500732421875,271800
2024-03-25,384.5799865722656,387.84503173828125,253200
2024-03-26,391.0,384.2921447753906,279600
2024-03-27,391.5199890136719,391.69476318359375,245600
2024-03-28,396.57000732421875,393.3870849609375,241500
2024-04-01,395.95001220703125,393.9215087890625,191400
2024-04-02,399.57000732421875,387.8153381347656,305500
2024-04-03,390.95001220703125,383.60931396484375,374500
2024-04-04,390.4800109863281,375.5337219238281,289900
2024-04-05,382.0400085449219,375.9295654296875,251900
2024-04-08,381.2699890136719,377.1666564941406,220200
2024-04-09,380.6600036621094,367.6560974121094,307600
2024-04-10,372.79998779296875,367.794677734375,289200
2024-04-11,368.3500061035156,362.3614501953125,343000
2024-04-12,364.489990234375,358.06634521484375,243700
2024-04-15,364.6499938964844,355.8099670410156,207000
2024-04-16,359.9200134277344,356.1959228515625,302900
2024-04-17,356.8699951171875,353.4447021484375,446700
2024-04-18,359.70001220703125,356.48291015625,399200
2024-04-19,361.8800048828125,366.428955078125,425200
2024-04-22,371.29998779296875,368.9822082519531,233600
2024-04-23,373.8699951171875,364.85540771484375,285000
2024-04-24,366.32000732421875,361.9556884765625,336000
2024-04-25,367.25,361.9754943847656,330800
2024-04-26,363.8500061035156,360.9264831542969,294100
2024-04-29,365.0,365.29083251953125,424700
2024-04-30,360.0,362.6187744140625,563300
2024-05-01,366.6300048828125,366.0726318359375,567000
2024-05-02,372.0799865722656,368.2201843261719,531400
2024-05-03,371.05999755859375,365.8252258300781,194900
2024-05-06,370.9700012207031,375.0784912109375,290900
2024-05-07,381.1600036621094,374.72222900390625,319800
2024-05-08,380.739990234375,377.0281066894531,196100
2024-05-09,380.489990234375,376.5926513671875,140400
2024-05-10,381.4100036621094,378.96783447265625,145200
2024-05-13,382.4100036621094,377.2359313964844,191900
2024-05-14,380.510009765625,374.84100341796875,219400
2024-05-15,378.55999755859375,371.2287292480469,201300
2024-05-16,380.5400085449219,384.2525634765625,353000
2024-05-17,391.2699890136719,388.8544921875,261200
2024-05-20,394.0400085449219,385.7667236328125,227200
2024-05-21,390.489990234375,390.0816345214844,296400
2024-05-22,394.5799865722656,395.39605712890625,259100
2024-05-23,398.7900085449219,383.3717956542969,317100
2024-05-24,387.6499938964844,387.72625732421875,98800
2024-05-28,390.760009765625,384.44061279296875,202700
2024-05-29,385.7099914550781,380.6903076171875,228300
2024-05-30,383.29998779296875,386.4997863769531,227000
2024-05-31,387.82000732421875,388.8872375488281,369800
2024-06-03,391.0,384.7390441894531,201500
2024-06-04,384.94000244140625,382.6997375488281,195000
2024-06-05,385.04998779296875,378.5813903808594,198600
2024-06-06,381.20001220703125,377.6761474609375,114600
2024-06-07,381.0799865722656,380.8096923828125,136300
2024-06-10,380.6600036621094,379.6159362792969,139600
2024-06-11,379.5899963378906,377.11907958984375,156700
2024-06-12,377.75,371.7572326660156,166100
2024-06-13,372.70001220703125,372.47344970703125,147800
2024-06-14,372.2099914550781,365.6393737792969,203700
2024-06-17,368.8599853515625,374.4232482910156,218700
2024-06-18,376.0,375.27874755859375,218400
2024-06-20,378.2099914550781,378.29290771484375,269200
2024-06-21,380.3399963378906,375.21905517578125,553300
2024-06-24,378.7099914550781,380.01385498046875,212200
2024-06-25,383.45001220703125,379.6656799316406,177300
2024-06-26,378.8900146484375,374.2242736816406,196600
2024-06-27,375.8500061035156,378.5117492675781,157500
2024-06-28,380.0299987792969,379.0290222167969,511200
2024-07-01,384.8800048828125,376.6415710449219,250000
2024-07-02,372.0299987792969,367.73834228515625,318000
2024-07-03,367.2200012207031,362.8639221191406,262600
2024-07-05,363.25,360.9539794921875,495200
2024-07-08,370.92999267578125,371.0907287597656,274700
2024-07-09,370.42999267578125,370.8519592285156,268900
2024-07-10,372.75,376.17401123046875,231700
2024-07-11,378.989990234375,377.8253479003906,185000
2024-07-12,381.8800048828125,379.64581298828125,176100
2024-07-15,386.5199890136719,394.1894226074219,488800
2024-07-16,396.2300109863281,392.5380859375,222000
2024-07-17,396.760009765625,395.9998779296875,312500
2024-07-18,398.79998779296875,397.90985107421875,224400
2024-07-19,398.7900085449219,383.30657958984375,916800
2024-07-22,390.510009765625,386.6888122558594,213500
2024-07-23,387.8900146484375,382.84893798828125,182900
2024-07-24,386.57000732421875,379.54632568359375,235800
2024-07-25,377.8800048828125,371.7970275878906,466600
2024-07-26,373.79998779296875,380.9290466308594,332500
2024-07-29,382.0799865722656,381.99346923828125,378300
2024-07-30,386.989990234375,387.405029296875,385000
2024-07-31,389.25,390.8171081542969,494500
2024-08-01,385.0,366.415283203125,841500
2024-08-02,366.2200012207031,362.227294921875,407900
2024-08-05,360.6700134277344,354.4382019042969,610800
2024-08-06,356.5,356.7659912109375,586800
2024-08-07,361.05999755859375,358.7455749511719,378200
2024-08-08,361.4800109863281,362.29693603515625,310300
2024-08-09,364.2900085449219,362.5953674316406,280700
2024-08-12,365.3999938964844,359.02410888671875,387100
2024-08-13,362.8999938964844,361.2126159667969,217700
2024-08-14,363.1099853515625,367.6090393066406,166600
2024-08-15,372.0799865722656,371.5085144042969,207500
2024-08-16,374.3699951171875,372.5829162597656,196800
2024-08-19,374.8500061035156,376.76092529296875,150700
2024-08-20,377.95001220703125,375.2687683105469,285200
2024-08-21,379.2099914550781,376.6714172363281,132200
2024-08-22,377.8699951171875,380.17303466796875,179600
2024-08-23,384.5199890136719,386.5992736816406,143200
2024-08-26,395.80999755859375,387.4249267578125,372000
2024-08-27,390.510009765625,386.1018981933594,357500
2024-08-28,388.67999267578125,387.5741271972656,287800
2024-08-29,391.04998779296875,388.3799133300781,296900
2024-08-30,391.9200134277344,390.1903991699219,377400
